{"args": {"data_root": "/mnt/users/mprzewiezlikowski/local_truten/uj/data/meta_inat", "dataset": "meta_iNat", "results_root": "results", "experiment_name": "pn+bf+usl+cp", "weights_file": "weights.pth", "gpu_id": 0, "dl_workers": 4, "verbosity": 50, "n_epochs_in_lr_cut": 10, "n_cuts": 5, "n_ensembles": 4, "way": 20, "train_shot": 5, "test_shot": 15, "bf": true, "cp": true, "localizing": true, "fsl": false, "augflip": true, "network_width": 64}, "train_loss": [[2.8706489378732734, 2.6759738785446068, 2.617947979844047, 2.5454095786797266, 2.5089424400572566, 2.481663521687696, 2.4069320527864364, 2.3430354995079608, 2.263392867809142, 2.185153465109013, 2.079221680159275, 2.0207807334365357, 1.9607253747887419, 1.9015647798080606, 1.8366661165423708, 1.7808106165782662, 1.7291589097106026, 1.6738743442891764, 1.6218488563144788, 1.5761135077527122, 1.5248623415669564, 1.5044964372225882, 1.4876883257726194, 1.4715915720933561, 1.4631468872608906, 1.4437234685172953, 1.4307952387823928, 1.4175910719387597, 1.4077664122713094, 1.401705184559913, 1.3721057128501293, 1.3658604607966802, 1.3632612117030312, 1.358630353731208, 1.3477449667681554, 1.34594621539369, 1.3403532483522047, 1.332984158314464, 1.334214341108966, 1.3346269029467475, 1.315707852632883, 1.3142677246891517, 1.3100546857860185, 1.3107325826987086, 1.310078795295359, 1.303445562309014, 1.3014828663975824, 1.2997029123792223, 1.303186434342856, 1.3016377292620909], [2.919274013766311, 2.865622314424778, 2.7886936588651814, 2.7079207350493997, 2.5579139310589767, 2.402157719221338, 2.269978579695311, 2.146241932664454, 2.0275079864858316, 1.926865550616238, 1.801071858709785, 1.7456827938177024, 1.695919337292892, 1.6503374394337842, 1.6086599401607635, 1.5784994849733487, 1.5508285834278017, 1.5178571395307083, 1.4973701990334092, 1.4732041634824877, 1.4289512338152357, 1.4120281522187963, 1.3994248746053934, 1.3932189288412689, 1.3842638863879404, 1.372218602275646, 1.360647857821924, 1.3545459941693931, 1.343464019951547, 1.3402172768698124, 1.3126417025132797, 1.3052400055711184, 1.3028538203036961, 1.3051883242945257, 1.2934539618006178, 1.293541017231668, 1.2886301449909332, 1.2844257758428084, 1.2861932728700578, 1.280893053851563, 1.2633715403560872, 1.2658207821491672, 1.2640200044698775, 1.2602168393742508, 1.2613572850348844, 1.2582233843023862, 1.2527848904806085, 1.2531783050539134, 1.255657775260334, 1.2561317334256101], [2.9309892882207396, 2.890895796935776, 2.8485519111536113, 2.751367822574202, 2.56482419137489, 2.435954897267044, 2.321369889435495, 2.204045437956565, 2.0669964384880797, 1.9320825097920282, 1.794490056179638, 1.7432666260219176, 1.6940694034985422, 1.6451632672814047, 1.6117155111519395, 1.5777415206730998, 1.548514732889309, 1.5181859731674194, 1.496869996854454, 1.472685687354669, 1.425787134028797, 1.4114732467697937, 1.4034642592357223, 1.3941788317797796, 1.389193701389742, 1.3720240442363068, 1.365219550654134, 1.3558276736052932, 1.351028714716561, 1.3456285112476147, 1.3173179942837694, 1.3103294738285607, 1.3112057606885388, 1.310714890749338, 1.300540749561002, 1.3006176971326209, 1.2955120946191678, 1.2903547751422648, 1.2892988345678698, 1.2891305116837697, 1.272890151939068, 1.2693708287176306, 1.2670969069636804, 1.2663431749728582, 1.2681922339330054, 1.264807821838719, 1.26012394749688, 1.2598224160777536, 1.2609257255137094, 1.2626064680437628], [2.8780660077518214, 2.842375977530348, 2.7033710975808956, 2.5807377735267525, 2.439049052078506, 2.314990809768628, 2.2215756542363745, 2.1181079602292137, 2.016725847422444, 1.9079297510175441, 1.785326186005983, 1.7264787644590796, 1.6813408161677625, 1.6363091868706316, 1.5978069841988274, 1.5690564018399347, 1.5376521376794057, 1.5077180839647912, 1.4841183173428676, 1.4633055695049828, 1.4195701076220049, 1.399344080572675, 1.3955289334248586, 1.3843668699264526, 1.377172140811912, 1.3650029821760337, 1.3562666868707935, 1.346157289361245, 1.33928769978748, 1.3354465180648107, 1.3085725937679316, 1.3057368683713764, 1.2995479373921761, 1.3018018455262397, 1.291782259055257, 1.2886389872324189, 1.2834138767734455, 1.2797683304029412, 1.28235757591365, 1.279811748147264, 1.2613303704373142, 1.2632194420840837, 1.2614114088364214, 1.2592858921443835, 1.2608916749367036, 1.2551559681851898, 1.2512346569393344, 1.251606425155753, 1.2569182468321167, 1.2558885762139744]],