{"args": {"data_root": "/mnt/users/mprzewiezlikowski/local_truten/uj/data/meta_inat", "dataset": "meta_iNat", "results_root": "results", "experiment_name": "tryout", "weights_file": "weights.pth", "gpu_id": 0, "dl_workers": 4, "n_epochs_in_lr_cut": 10, "n_cuts": 5, "verbosity": 50, "n_ensembles": 4, "way": 20, "train_shot": 5, "test_shot": 15, "bf": true, "cp": true, "localizing": true, "fsl": true, "augflip": true, "network_width": 64}, "train_loss": [[2.649371112228199, 2.2012323740940944, 1.9744638439955984, 1.8318138593321394, 1.7364416071816868, 1.6597859408951616, 1.5962002512755666, 1.5417326873528223, 1.4920303791191927, 1.453624503374606, 1.3868301610784672, 1.3620545436369134, 1.3344111583035463, 1.318086702226327, 1.3090916672076895, 1.2933674525556544, 1.2789076159207937, 1.2686302916259522, 1.2543792147545298, 1.2491927904940967, 1.2119274746840167, 1.2066722817228606, 1.197823054598142, 1.1918063537077286, 1.191113913008615, 1.1826437506706091, 1.1797028140910366, 1.172538917155782, 1.1743961499248594, 1.1632390879015508, 1.149142817959917, 1.1457323902731489, 1.1442818192413151, 1.1428017818750595, 1.133585053011617, 1.1331938972139055, 1.132951246958123, 1.1274859178850858, 1.131708764473091, 1.1318603732530226, 1.118575822775531, 1.1186425131597337, 1.118601586535225, 1.1126259909567053, 1.1133373459433293, 1.1106566270445561, 1.112628641275337, 1.1111500894694317, 1.1108655596741193, 1.11046222301552], [2.6487970504031817, 2.200663303620243, 1.9467855259111733, 1.8005533780261969, 1.7118583758165882, 1.642913943389925, 1.5769836715325682, 1.5137718202202184, 1.4625046516426556, 1.4276541666366998, 1.369265307919488, 1.3426896837360034, 1.3213123238770066, 1.3059434376957564, 1.2983353741609367, 1.2824032206697322, 1.271624086009469, 1.261373276037269, 1.250600161446128, 1.2464136820436789, 1.2122557431522702, 1.2082197130865353, 1.196933454768673, 1.1952377727330363, 1.1923515725793858, 1.1815790582108143, 1.1833249355830457, 1.1756637783566857, 1.1793761455835556, 1.1662784935056278, 1.1553782429664758, 1.1523211006146328, 1.1507423661823233, 1.1488668247899179, 1.1405567125656548, 1.139809548981377, 1.1410303784024185, 1.137038144842581, 1.1361792825336416, 1.1393019101422304, 1.125017007318525, 1.127187842143316, 1.1241610819620185, 1.1192246738765903, 1.1220037862500314, 1.1180007609592122, 1.1195579663456878, 1.1189656892906075, 1.119364103693871, 1.1176442589982554], [2.750579902827107, 2.510533853700966, 2.1939352629291022, 1.902757736781094, 1.7723758354814696, 1.6880989856780715, 1.6181410120804092, 1.5596682271127236, 1.508463629744868, 1.4690109053488243, 1.4023651845136267, 1.373878341951188, 1.349205381551366, 1.3301645879279782, 1.320195591247259, 1.3055920837538004, 1.290091620255934, 1.2784689254821486, 1.2641507837676191, 1.2587501631927085, 1.2228687643498626, 1.2170466560467033, 1.2055071802402504, 1.2008602487560038, 1.1983325191617265, 1.1886096830833743, 1.1880021233214442, 1.1814383698623399, 1.1851730417547206, 1.1726686186345012, 1.1585785751636368, 1.1566394809198481, 1.1504121095005369, 1.1511017484016985, 1.143799712576937, 1.1385648101251848, 1.1393611404546506, 1.1359648155305542, 1.1370572341475518, 1.1397940729074418, 1.124706548490342, 1.126584535191773, 1.1231316840572723, 1.120136109380459, 1.119491371759184, 1.1186406995840132, 1.1171617094118884, 1.1164605907320724, 1.1179045798166036, 1.1148002351418675], [2.6977988261326105, 2.29288527034144, 2.0548848614824298, 1.8875553934437455, 1.7819371084245654, 1.6997718464290514, 1.6387450662135066, 1.5760041758766092, 1.5291281300745192, 1.4969688507148922, 1.4281593829456662, 1.4050577504366573, 1.3817122712763, 1.3645718346988573, 1.3547201909583593, 1.3395214121306271, 1.3267979537099284, 1.3144242371216954, 1.3022045662701762, 1.297283891406535, 1.2615039110689912, 1.2549903712961072, 1.2434224053552956, 1.2404853882556761, 1.2381426937514304, 1.2270162028365328, 1.2257115614388905, 1.2211326358171533, 1.2220666295910083, 1.209570109970757, 1.1951889414696177, 1.1918314177772296, 1.188441115326689, 1.1859115999975023, 1.178310312409816, 1.1762133572258513, 1.1816592249394475, 1.1739558983760274, 1.177052369669491, 1.1760602852847672, 1.1620293611427275, 1.1630801839433658, 1.1620659897788062, 1.157325381939072, 1.1578613199499255, 1.1543662292435923, 1.1561809923745012, 1.1520003875096638, 1.1550760604520258, 1.1541169362969206]],